<?xml version="1.0" standalone="yes"?>
<EmoticonSet>
    <name>wechat</name>
    <line>2</line>
    <row>4</row>
    <iconUri>icon_030_cover.png</iconUri> 
    <isShowDelBtn></isShowDelBtn> 
    <EmoticonBeans>
        <EmoticonBean>
            <eventType>2</eventType> 
            <iconUri>icon_002_cover.png</iconUri>  
            <content>icon_002_cover</content> 
        </EmoticonBean> 
        <EmoticonBean>
            <eventType>2</eventType> 
            <iconUri>icon_007_cover.png</iconUri> 
            <content>icon_007_cover</content> 
        </EmoticonBean> 
        <EmoticonBean>
            <eventType>2</eventType> 
            <iconUri>icon_010_cover.png</iconUri> 
            <content>icon_010_cover</content> 
        </EmoticonBean> 
        <EmoticonBean>
            <eventType>2</eventType> 
            <iconUri>icon_012_cover.png</iconUri> 
            <content>icon_012_cover</content> 
        </EmoticonBean> 
        <EmoticonBean>
            <eventType>2</eventType> 
            <iconUri>icon_013_cover.png</iconUri> 
            <content>icon_013_cover</content> 
        </EmoticonBean> 
        <EmoticonBean>
            <eventType>2</eventType> 
            <iconUri>icon_018_cover.png</iconUri> 
            <content>icon_013_cover</content> 
        </EmoticonBean> 
        <EmoticonBean>
            <eventType>2</eventType> 
            <iconUri>icon_019_cover.png</iconUri> 
            <content>icon_019_cover</content> 
        </EmoticonBean> 
        <EmoticonBean>
            <eventType>2</eventType> 
            <iconUri>icon_020_cover.png</iconUri> 
            <content>icon_020_cover</content> 
        </EmoticonBean> 
        <EmoticonBean>
            <eventType>2</eventType> 
            <iconUri>icon_021_cover.png</iconUri> 
            <content>icon_021_cover</content> 
        </EmoticonBean> 
        <EmoticonBean>
            <eventType>2</eventType> 
            <iconUri>icon_022_cover.png</iconUri> 
            <content>icon_022_cover</content> 
        </EmoticonBean> 
        <EmoticonBean>
            <eventType>2</eventType> 
            <iconUri>icon_024_cover.png</iconUri> 
            <content>icon_024_cover</content> 
        </EmoticonBean> 
        <EmoticonBean>
            <eventType>2</eventType> 
            <iconUri>icon_027_cover.png</iconUri> 
            <content>icon_027_cover</content> 
        </EmoticonBean> 
        <EmoticonBean>
            <eventType>2</eventType> 
            <iconUri>icon_029_cover.png</iconUri> 
            <content>icon_029_cover</content> 
        </EmoticonBean> 
        <EmoticonBean>
            <eventType>2</eventType> 
            <iconUri>icon_030_cover.png</iconUri> 
            <content>icon_030_cover</content> 
        </EmoticonBean> 
        <EmoticonBean>
            <eventType>2</eventType> 
            <iconUri>icon_035_cover.png</iconUri> 
            <content>icon_035_cover</content> 
        </EmoticonBean> 
        <EmoticonBean>
            <eventType>2</eventType> 
            <iconUri>icon_040_cover.png</iconUri> 
            <content>icon_040_cover</content> 
        </EmoticonBean>  
    </EmoticonBeans>
</EmoticonSet>